,X,Y
CENTER,-0.8963,-2.166
CENTER,0.3402,-0.4587
CENTER,-0.4884,-1.9176
CENTER,0.3053,-0.9873
CENTER,-0.173,1.0315
CENTER,-0.6588,-2.7722
CENTER,0.0791,2.701
CENTER,0.4954,-1.7171
CENTER,0.7792,-2.8557
CENTER,-0.4061,-0.3871
CENTER,0.3949,-1.5225
CENTER,-0.1759,0.7542
CENTER,-0.4108,-2.4269
CENTER,0.1402,1.4564
CENTER,0.9814,-1.3002
CENTER,0.1161,2.334
CENTER,-0.1005,-0.8905
CENTER,0.1608,-1.1822
CENTER,-0.3138,-2.5689
CENTER,0.0518,2.0456
CENTER,0.3465,-1.4279
CENTER,-0.068,-1.6138
CENTER,-0.859,-1.4541
CENTER,0.3469,-2.4155
CENTER,0.7595,-2.8391
CENTER,0.6313,-2.4623
CENTER,-0.5776,-2.257
CENTER,0.9708,-1.4332
CENTER,-0.8,-2.3182
CENTER,-0.2137,-0.0078
CENTER,0.2445,-2.2341
CENTER,0.6543,-1.7837
CENTER,-0.3435,-1.3765
CENTER,-0.0246,-1.793
CENTER,-0.48,-1.7899
CENTER,-0.1225,-0.7601
CENTER,-0.0474,-0.1945
CENTER,0.9556,-2.6349
CENTER,-0.1793,-0.5221
CENTER,-0.6104,-1.7445
CENTER,0.8613,-2.3595
CENTER,0.6959,-1.7407
CENTER,-0.0629,0.9009
CENTER,-0.2188,2.8003
CENTER,-0.2978,-2.7627
CENTER,0.9644,-1.8405
CENTER,-0.8275,-1.0674
CENTER,0.1246,1.3582
CENTER,-0.413,-0.3495
CENTER,-0.244,-2.1532
CENTER,-0.1777,-0.5481
CENTER,-0.4979,-1.1373
CENTER,-0.8485,-1.4928
CENTER,0.0173,1.7043
CENTER,-0.5454,-1.8622
CENTER,0.2162,2.7592
CENTER,-0.4812,-1.3735
CENTER,-0.1237,-2.7751
CENTER,0.278,-1.3359
CENTER,0.3205,-0.9877
CENTER,-0.116,-2.4739
CENTER,-0.9951,-2.4891
CENTER,0.2018,2.5004
CENTER,-0.4295,0.6709
CENTER,0.4588,-2.0186
CENTER,-0.4139,0.1302
CENTER,0.6281,-2.7391
CENTER,0.0598,-1.1085
CENTER,-0.0682,0.7647
CENTER,0.3441,-2.3451
CENTER,0.3614,-2.4347
CENTER,0.0824,-1.9947
CENTER,-0.0023,1.9148
CENTER,0.1889,2.773
CENTER,-0.1563,-0.2372
CENTER,0.1809,2.9428
CENTER,0.7043,-1.3241
CENTER,0.3198,-2.2804
CENTER,-0.6667,-2.4307
CENTER,0.3756,-2.8546
CENTER,0.3479,-2.0439
CENTER,-0.5351,-2.9161
CENTER,0.1121,1.2929
CENTER,-0.5452,-2.3518
CENTER,0.0397,-1.0023
CENTER,-0.0017,1.4314
CENTER,0.1127,-1.5532
CENTER,-0.3489,-0.7669
CENTER,-0.1711,1.2297
CENTER,-0.055,-1.4108
CENTER,0.9782,-2.7143
CENTER,0.0918,1.5255
CENTER,0.2117,0.7094
CENTER,0.7982,-2.1216
CENTER,-0.6818,-1.8433
CENTER,-0.8741,-2.0206
CENTER,0.1021,-0.5547
CENTER,-0.8398,-2.9085
CENTER,0.5916,-1.0349
CENTER,0.1888,-1.8552
CENTER,0.3168,-1.8555
CENTER,-0.1691,-1.6668
CENTER,-0.3775,0.0371
CENTER,0.5236,-2.6443
CENTER,0.0457,-1.0478
CENTER,-0.9842,-2.2212
CENTER,0.2,2.0795
CENTER,0.3168,-1.7154
CENTER,-0.0913,-2.0658
CENTER,-0.1827,-1.3741
CENTER,-0.1664,1.33
CENTER,-0.1113,-2.4977
CENTER,-0.7346,-1.4977
CENTER,-0.7257,-1.7988
CENTER,-0.016,1.2543
CENTER,0.0054,2.0879
CENTER,-0.4351,0.3373
CENTER,0.8021,-1.0394
CENTER,-0.0443,-0.7404
CENTER,0.6058,-2.094
CENTER,-0.5661,-2.9972
CENTER,-0.0213,-0.3235
CENTER,-0.25,0.5524
CENTER,0.2134,-1.4155
CENTER,-0.0878,-2.1063
CENTER,-0.0185,0.3255
CENTER,0.0683,1.5938
CENTER,0.085,0.1076
CENTER,-0.1376,-0.1118
CENTER,0.5562,-2.0247
CENTER,-0.4085,0.7926
CENTER,-0.5514,-2.6455
CENTER,-0.7799,-2.6524
CENTER,-0.0912,1.0247
CENTER,-0.6435,-1.4699
CENTER,0.3339,0.9959
CENTER,0.0067,-2.1376
CENTER,0.9704,-2.4689
CENTER,0.8557,-2.1685
CENTER,-0.8803,-2.5182
CENTER,0.11,-1.3159
CENTER,0.2352,-1.26
CENTER,0.3982,-1.9131
CENTER,0.1238,-1.1476
CENTER,0.9805,-1.3271
CENTER,0.1604,2.1615
CENTER,0.7578,-2.2885
CENTER,-0.5854,-1.4278
CENTER,0.1797,-0.1359
CENTER,0.4748,-1.5619
CENTER,-0.8785,-2.5035
CENTER,-0.3105,-1.2963
CENTER,-0.0914,-2.1126
CENTER,-0.2616,-0.3936
CENTER,-0.0502,2.5608
CENTER,-0.4592,-2.833
CENTER,-0.5677,-1.0713
CENTER,-0.5093,-1.9655
CENTER,-0.4622,-1.1488
CENTER,0.1502,-0.4763
CENTER,-0.3974,-0.0612
CENTER,0.067,-1.7703
CENTER,0.9554,-1.115
CENTER,0.2107,0.7974
CENTER,0.6082,-1.1986
CENTER,0.3011,0.4159
CENTER,0.1059,1.3267
CENTER,0.9695,-1.6751
CENTER,0.0194,-1.3708
CENTER,0.7466,-1.628
CENTER,-0.2413,-1.7198
CENTER,0.0042,1.2496
CENTER,0.0523,-2.4831
CENTER,-0.0033,2.8113
CENTER,-0.2714,-2.3577
CENTER,0.1365,-2.1488
CENTER,-0.0199,0.8035
CENTER,0.0261,-0.8167
CENTER,0.6566,-1.6267
CENTER,0.4839,-0.9967
CENTER,0.0883,1.5046
CENTER,-0.8753,-1.2054
CENTER,-0.2099,-2.6793
CENTER,-0.1048,-1.2983
CENTER,-0.0623,-1.8145
CENTER,0.2012,-1.5964
CENTER,0.2673,-1.0267
CENTER,0.1372,1.0041
CENTER,0.7333,-2.6986
CENTER,0.4572,0.3729
CENTER,0.1166,1.7436
CENTER,0.244,-2.794
CENTER,0.6282,-1.4466
CENTER,0.8389,-2.4952
CENTER,0.0433,0.393
CENTER,0.5786,-1.4404
CENTER,0.1788,0.6661
CENTER,0.1187,2.1221
CENTER,-0.2337,-2.0105
CENTER,0.1069,2.5676
CENTER,0.0834,-0.9664
CENTER,0.3399,-0.0217
CENTER,-0.011,1.3475
CENTER,-0.8166,-2.5279
CENTER,-0.1661,-0.0346
CENTER,-0.1629,1.7575
CENTER,0.0494,0.8632
CENTER,-0.4805,0.5419
CENTER,0.1616,-0.5764
CENTER,-0.6685,-1.8535
CENTER,-0.8988,-2.9338
CENTER,-0.3462,-1.5536
CENTER,-0.1806,-0.0612
CENTER,0.0945,2.8432
CENTER,0.3585,0.1504
CENTER,-0.2104,1.8887
CENTER,-0.3118,-0.4816
CENTER,0.5602,-2.7822
CENTER,-0.1424,1.5477
CENTER,-0.1189,-1.8251
CENTER,0.926,-2.7923
CENTER,0.0271,-2.8298
CENTER,-0.3022,-2.0476
CENTER,-0.2705,0.2303
CENTER,-0.2618,-1.7132
CENTER,0.8486,-1.6257
CENTER,0.5418,-2.78
CENTER,-0.0968,-0.7637
CENTER,0.1236,1.7814
CENTER,-0.0273,1.6095
CENTER,-0.2569,-1.3935
CENTER,-0.1112,-1.7251
CENTER,0.5069,-2.578
CENTER,0.0471,2.0537
CENTER,0.2961,0.0247
CENTER,-0.5297,-1.0351
CENTER,0.2445,2.2349
CENTER,-0.4624,-2.6283
CENTER,0.2197,-2.8946
CENTER,0.2473,1.8774
CENTER,-0.1358,1.146
CENTER,-0.3128,-1.2074
CENTER,0.4762,-1.6263
CENTER,0.1107,-1.1008
CENTER,-0.0421,0.0818
CENTER,-0.4556,-1.7918
CENTER,0.8236,-1.8669
CENTER,-0.8536,-1.4701
CENTER,0.553,-1.9854
CENTER,-0.6463,-2.1825
CENTER,-0.1847,1.0779
CENTER,-0.6068,-1.8377
CENTER,-0.4364,-1.7971
CENTER,-0.3422,-2.8666
CENTER,0.3029,-1.9929
CENTER,0.0613,-2.1045
CENTER,-0.1262,-2.4024
CENTER,0.0621,0.4868
CENTER,-0.4637,-0.4121
CENTER,-0.4233,0.532
CENTER,-0.2414,-2.3797
CENTER,-0.7015,-1.6721
CENTER,0.7351,-1.2219
CENTER,-0.0906,-0.5711
CENTER,0.0891,-2.1554
CENTER,0.8954,-2.7343
CENTER,-0.1723,-1.0009
CENTER,-0.207,0.9966
CENTER,0.5312,-2.8216
CENTER,0.6132,-1.0373
CENTER,0.5521,-2.7752
CENTER,-0.0034,-0.5526
CENTER,-0.1563,-1.8972
CENTER,-0.4919,-0.4062
CENTER,0.8417,-1.4475
CENTER,0.7763,-1.5186
CENTER,-0.8398,-1.0986
CENTER,-0.8595,-1.4393
CENTER,0.5696,-2.8402
CENTER,-0.6126,-2.7047
CENTER,-0.3771,-1.3622
CENTER,0.8731,-1.8443
CENTER,0.7281,-2.8192
CENTER,-0.2697,-1.0174
CENTER,0.1373,-1.5632
CENTER,-0.5922,-2.4571
CENTER,0.7143,-2.9556
CENTER,0.9622,-2.5814
CENTER,-0.1556,-2.4761
CENTER,-0.0381,2.0885
CENTER,0.616,-1.3302
CENTER,0.1501,1.8398
CENTER,0.2431,-2.3097
CENTER,0.0485,-2.2259
CENTER,-0.4758,0.329
CENTER,-0.4913,0.1646
CENTER,-0.7202,-2.963
CENTER,0.2474,1.4902
CENTER,-0.3612,-0.3388
CENTER,-0.2283,2.7432
CENTER,0.1261,1.8753
CENTER,0.0676,-2.0654
CENTER,-0.0434,0.9325
CENTER,-0.1354,0.5775
CENTER,0.496,-1.7765
CENTER,-0.4352,-2.6463
CENTER,-0.8137,-2.5131
CENTER,-0.0649,-1.15
CENTER,0.0675,0.1801
CENTER,-0.0761,2.4355
CENTER,-0.5056,-2.283
CENTER,0.2126,1.9792
CENTER,-0.132,-1.275
CENTER,0.0289,1.4277
CENTER,-0.4796,-1.2491
CENTER,-0.1386,-2.7197
CENTER,0.9257,-1.1643
CENTER,-0.9887,-2.2604
CENTER,-0.9758,-2.865
CENTER,0.3458,-0.0365
CENTER,-0.0381,2.3947
CENTER,-0.0443,-0.8159
CENTER,0.4468,-1.9982
CENTER,0.1105,2.5756
CENTER,-0.2441,-1.19
CENTER,-0.0331,0.3558
CENTER,0.1682,-1.2014
CENTER,0.6715,-2.9791
CENTER,-0.1227,-1.1113
CENTER,0.2399,1.1784
CENTER,-0.6541,-1.8071
CENTER,-0.1716,2.3105
CENTER,0.2039,1.0092
CENTER,-0.154,2.2496
CENTER,-0.3068,0.265
CENTER,-0.9089,-1.3775
CENTER,-0.2207,1.9078
CENTER,0.1321,-1.2847
CENTER,0.405,-2.3755
CENTER,0.2357,-2.3878
CENTER,0.3299,-1.0783
CENTER,0.3357,-1.1821
CENTER,-0.6139,-2.2628
CENTER,0.3759,-0.5925
CENTER,-0.107,-1.0167
CENTER,-0.482,-2.0888
CENTER,-0.2651,-1.0485
CENTER,0.2954,-0.1399
CENTER,0.0682,-0.8035
CENTER,-0.2089,2.7181
CENTER,0.1871,-0.7981
CENTER,0.9973,-1.69
CENTER,0.8756,-2.39
CENTER,0.0125,-1.1558
CENTER,-0.2742,0.4463
CENTER,0.8771,-1.129
CENTER,-0.4067,0.0474
CENTER,-0.0086,-1.9747
CENTER,-0.0127,-1.324
CENTER,0.0693,2.0904
CENTER,0.8537,-2.2148
CENTER,-0.0548,-2.3318
CENTER,0.6101,-2.0532
CENTER,-0.1976,-0.2617
CENTER,-0.2152,0.9165
CENTER,0.7437,-1.8029
CENTER,-0.1444,-2.0505
CENTER,-0.0903,-1.6791
CENTER,0.0256,-0.3845
CENTER,-0.6364,-1.3794
CENTER,-0.0335,1.1265
CENTER,0.0303,0.1469
CENTER,-0.4141,-2.2158
CENTER,-0.0562,1.4761
CENTER,-0.0662,-2.532
CENTER,0.9198,-2.5273
CENTER,0.0989,2.6517
CENTER,-0.9033,-1.9068
CENTER,-0.7604,-2.3807
CENTER,0.8797,-2.5675
CENTER,-0.6731,-1.6368
CENTER,0.9676,-2.5667
CENTER,0.6413,-1.0848
CENTER,-0.3863,0.0044
CENTER,0.377,0.7012
CENTER,0.2835,-2.2829
CENTER,0.383,-1.3536
CENTER,-0.0827,1.9555
CENTER,0.3494,-2.0448
CENTER,0.2814,-0.7681
CENTER,-0.0233,2.1918
CENTER,-0.1022,1.1687
CENTER,-0.2016,2.0559
CENTER,0.4093,-0.6704
CENTER,0.2241,1.749
CENTER,-0.1394,1.5632
CENTER,0.2285,0.7836
CENTER,0.0185,2.5695
CENTER,-0.8942,-2.1647
CENTER,0.0022,0.5901
CENTER,0.8645,-2.4061
CENTER,-0.5968,-1.0927
CENTER,-0.789,-2.6725
CENTER,-0.401,-1.2577
CENTER,-0.7941,-2.1255
CENTER,-0.6539,-1.2637
CENTER,-0.9601,-2.1659
CENTER,-0.9127,-2.4397
CENTER,0.4765,-1.8751
CENTER,-0.1807,-0.5257
CENTER,-0.5499,-1.2175
CENTER,-0.0532,-0.9719
CENTER,-0.6473,-1.31
CENTER,-0.0047,1.9571
CENTER,-0.4669,-1.5691
CENTER,-0.2317,-1.0032
CENTER,0.4671,-2.3771
CENTER,-0.3222,-1.5173
CENTER,0.9665,-2.1684
CENTER,-0.3426,-1.5178
CENTER,0.0866,-2.2358
CENTER,0.3242,-1.0224
CENTER,0.5135,-2.9291
CENTER,-0.9155,-2.3704
CENTER,-0.062,2.0193
CENTER,0.3049,-0.5636
CENTER,0.0367,-2.2381
CENTER,0.9726,-2.5858
CENTER,0.3678,-2.4349
CENTER,-0.2967,-0.6341
CENTER,-0.147,-0.5164
CENTER,-0.7356,-2.1685
CENTER,0.3347,-1.5883
CENTER,-0.2132,1.1674
CENTER,-0.0396,0.8125
CENTER,0.2414,1.6209
CENTER,0.5991,-1.7478
CENTER,0.7792,-2.5064
CENTER,-0.7016,-1.9171
CENTER,-0.1552,2.8676
CENTER,0.0318,0.4548
CENTER,0.4014,0.2703
CENTER,-0.8164,-2.3876
CENTER,0.016,1.0738
CENTER,-0.4762,-1.1362
CENTER,0.0649,0.4192
CENTER,-0.1227,2.0581
CENTER,-0.6659,-1.79
CENTER,-0.0229,-0.7826
CENTER,0.8022,-1.5196
CENTER,0.1489,-1.7506
CENTER,-0.8715,-1.9019
CENTER,0.4029,0.8696
CENTER,0.484,-0.8215
CENTER,0.9652,-1.9163
CENTER,0.0757,-1.2113
CENTER,-0.1273,-0.5796
CENTER,0.0552,-1.3257
CENTER,0.5464,-1.548
CENTER,0.6465,-2.1312
CENTER,0.7653,-1.8275
CENTER,0.3645,0.5891
CENTER,-0.9832,-2.0106
CENTER,0.7066,-1.9903
CENTER,-0.8493,-2.5845
CENTER,-0.3617,-2.6124
CENTER,-0.1896,1.3066
CENTER,0.6064,-2.474
CENTER,0.0104,-0.2707
CENTER,-0.2789,-1.7603
CENTER,-0.0565,1.1196
CENTER,0.5269,-2.8437
CENTER,-0.4894,-1.9266
CENTER,0.081,-1.0135
CENTER,-0.2278,0.9108
CENTER,0.0854,-0.6669
CENTER,0.1796,-0.0669
CENTER,0.9246,-1.8305
CENTER,-0.2174,-0.3334
CENTER,-0.5976,-1.0759
CENTER,-0.8274,-2.0543
CENTER,0.1992,2.6154
CENTER,-0.364,0.223
CENTER,0.0296,-1.4394
CENTER,0.1423,-0.7489
CENTER,-0.5944,-1.0738
CENTER,0.2303,-1.2264
CENTER,-0.6602,-2.8146
CENTER,-0.8872,-1.646
CENTER,0.0193,-2.4633
CENTER,-0.35,-2.8021
CENTER,0.2728,-2.1555
CENTER,-0.2086,-2.1973
CENTER,-0.6168,-2.9361
CENTER,-0.7041,-1.3159
CENTER,-0.0708,-0.8373
CENTER,-0.7096,-1.6993
CENTER,-0.8465,-1.764
CENTER,-0.7982,-2.0531
CENTER,0.2324,-0.4088
LEFT,-4.2993,-2.3559
LEFT,-5.4398,-0.539
LEFT,-5.8868,-1.8485
LEFT,-5.6369,-1.2226
LEFT,-5.2385,-1.2383
LEFT,-4.8902,1.8518
LEFT,-4.913,1.1428
LEFT,-5.7104,-1.2023
LEFT,-5.548,-1.5602
LEFT,-4.677,-2.8165
LEFT,-5.1003,0.3116
LEFT,-4.3058,-1.3775
LEFT,-4.908,0.948
LEFT,-5.072,0.378
LEFT,-4.8316,2.6312
LEFT,-4.796,-1.309
LEFT,-5.8108,-2.3397
LEFT,-5.9011,-2.1817
LEFT,-4.1879,-2.5958
LEFT,-4.3763,-2.7937
LEFT,-5.162,-1.4927
LEFT,-4.2068,-2.7755
LEFT,-5.2405,-1.5615
LEFT,-5.2165,1.3377
LEFT,-5.0121,0.4552
LEFT,-5.2808,-2.1022
LEFT,-5.3101,-1.8062
LEFT,-5.6542,-2.5708
LEFT,-4.8354,2.9973
LEFT,-4.4863,-2.5695
LEFT,-4.842,-0.1378
LEFT,-4.4646,-2.1269
LEFT,-5.0175,-2.4134
LEFT,-5.0998,2.6109
LEFT,-5.3089,-2.1369
LEFT,-5.1934,-2.1638
LEFT,-4.3169,-1.1056
LEFT,-4.7137,-2.0402
LEFT,-4.5992,-2.7775
LEFT,-5.0568,-0.2763
LEFT,-4.8672,-1.4334
LEFT,-4.7827,1.9318
LEFT,-4.9644,0.3705
LEFT,-4.9876,0.0718
LEFT,-4.7529,-2.073
LEFT,-5.4773,0.2563
LEFT,-5.4515,0.7066
LEFT,-4.1537,-1.4099
LEFT,-4.951,0.7653
LEFT,-5.0745,1.0222
LEFT,-5.2404,2.4541
LEFT,-4.0313,-1.0823
LEFT,-4.6556,-1.6445
LEFT,-5.0033,2.0906
LEFT,-5.1362,2.8417
LEFT,-4.8814,-1.4186
LEFT,-4.9934,2.3191
LEFT,-5.1994,-2.9467
LEFT,-5.1507,2.8906
LEFT,-5.5276,-2.451
LEFT,-4.8277,-1.2971
LEFT,-5.8097,-2.074
LEFT,-4.2528,-2.5479
LEFT,-4.5377,0.0388
LEFT,-5.0242,0.9186
LEFT,-4.916,-2.0659
LEFT,-4.9038,2.4474
LEFT,-5.2006,-0.5829
LEFT,-4.2988,-2.376
LEFT,-5.2105,-1.3569
LEFT,-4.7693,-2.3345
LEFT,-4.5056,-1.5266
LEFT,-4.3536,-1.388
LEFT,-4.1578,-1.2061
LEFT,-4.9548,-0.8166
LEFT,-5.7511,-2.0921
LEFT,-5.8993,-1.4452
LEFT,-4.083,-1.7984
LEFT,-4.4573,-2.5648
LEFT,-4.4497,-2.2035
LEFT,-5.4548,-0.6243
LEFT,-5.0482,-2.1757
LEFT,-5.1702,0.0957
LEFT,-4.1592,-2.1129
LEFT,-4.7372,-0.9893
LEFT,-5.4263,-1.0177
LEFT,-4.362,-1.6488
LEFT,-4.3948,-2.6138
LEFT,-5.6694,-1.7464
LEFT,-4.0696,-1.9035
LEFT,-5.0476,-1.5344
LEFT,-4.8823,-2.1586
LEFT,-4.5032,0.1139
LEFT,-4.9695,-0.5682
LEFT,-5.3197,-1.2047
LEFT,-5.3308,-0.8642
LEFT,-5.4158,-1.4534
LEFT,-5.278,-1.343
LEFT,-4.3217,-1.1801
LEFT,-5.5748,-1.6167
LEFT,-5.0486,-0.5556
LEFT,-5.4752,-2.5666
LEFT,-4.7598,1.0908
LEFT,-4.5539,-0.991
LEFT,-5.757,-2.4199
LEFT,-4.1722,-1.0312
LEFT,-5.1887,0.6411
LEFT,-5.8627,-1.1096
LEFT,-5.0474,-2.3655
LEFT,-5.6444,-2.8611
LEFT,-5.242,-0.9353
LEFT,-4.8577,0.559
LEFT,-4.7031,-1.2454
LEFT,-4.4344,-1.2884
LEFT,-5.0539,-0.8486
LEFT,-5.491,-1.3314
LEFT,-4.1847,-1.05
LEFT,-5.1794,1.3741
LEFT,-4.6447,-2.1569
LEFT,-4.7085,-1.322
LEFT,-5.7809,-1.4835
LEFT,-5.7933,-2.5084
LEFT,-5.7352,-2.696
LEFT,-5.9767,-1.4864
LEFT,-4.7138,-1.7442
LEFT,-5.7534,-2.1213
LEFT,-4.4245,-1.4331
LEFT,-4.0148,-2.8565
LEFT,-5.1515,1.5533
LEFT,-4.5276,-2.4824
LEFT,-4.5508,0.2647
LEFT,-4.6257,-2.4325
LEFT,-4.8424,1.6349
LEFT,-5.7466,-1.6408
LEFT,-4.633,-1.817
LEFT,-5.4274,-1.4031
LEFT,-5.5515,-2.7057
LEFT,-4.9409,2.9509
LEFT,-5.3318,0.9235
LEFT,-4.7876,1.8677
LEFT,-5.0991,0.4147
LEFT,-4.4915,-2.6602
LEFT,-5.0071,-0.5793
LEFT,-4.5524,-2.6665
LEFT,-5.0115,-2.606
LEFT,-4.8331,-1.5096
LEFT,-4.9086,2.8643
LEFT,-4.9734,-1.0702
LEFT,-4.3083,-1.8428
LEFT,-5.7018,-1.5046
LEFT,-5.2468,-2.8389
LEFT,-4.6317,0.2345
LEFT,-5.2202,-0.669
LEFT,-5.2814,0.7276
LEFT,-5.1657,0.308
LEFT,-5.2626,-2.5469
LEFT,-4.3379,-1.0989
LEFT,-4.9067,2.0605
LEFT,-4.3357,-1.4368
LEFT,-4.7638,-1.9128
LEFT,-4.682,-0.4831
LEFT,-5.023,-1.1285
LEFT,-5.0214,-2.865
LEFT,-5.563,-2.8812
LEFT,-4.2444,-1.8441
LEFT,-4.7106,0.5523
LEFT,-4.6339,-0.2435
LEFT,-5.5122,-1.8267
LEFT,-4.8552,-2.5205
LEFT,-5.2155,2.9033
LEFT,-5.8058,-2.7572
LEFT,-5.254,-1.6627
LEFT,-5.2733,-0.5207
LEFT,-5.3819,-2.4842
LEFT,-4.9028,0.6401
LEFT,-5.0159,-2.623
LEFT,-4.6257,-2.3422
LEFT,-4.0441,-1.7849
LEFT,-4.8286,-2.1452
LEFT,-5.4697,-1.0396
LEFT,-4.1491,-2.6996
LEFT,-4.7567,-2.2873
LEFT,-5.3645,0.4771
LEFT,-4.8932,-0.8452
LEFT,-5.2638,-0.9703
LEFT,-4.5338,-1.2789
LEFT,-5.7082,-1.3433
LEFT,-5.9929,-2.8236
LEFT,-5.4837,-0.7813
LEFT,-4.9565,-0.7579
LEFT,-4.7192,0.8516
LEFT,-4.1933,-1.2278
LEFT,-5.2825,-2.8105
LEFT,-4.0893,-2.2744
LEFT,-5.2486,-2.8517
LEFT,-5.136,2.022
LEFT,-5.0352,2.9377
LEFT,-4.5459,-2.5867
LEFT,-4.963,0.9663
LEFT,-5.13,-0.2698
LEFT,-4.8286,-1.0713
LEFT,-5.193,-2.5127
LEFT,-4.9077,-1.3465
LEFT,-5.4178,0.091
LEFT,-4.5156,-1.7914
LEFT,-4.4994,-1.8365
LEFT,-4.5797,-1.014
LEFT,-4.3501,-1.8294
LEFT,-4.3913,-1.6403
LEFT,-5.0268,2.1724
LEFT,-4.4566,-1.3625
LEFT,-5.1704,1.4492
LEFT,-5.5577,-1.0787
LEFT,-4.0929,-2.9659
LEFT,-4.9215,2.4146
LEFT,-4.1556,-2.9748
LEFT,-4.7829,-2.8489
LEFT,-5.5708,-1.5865
LEFT,-4.8974,0.3116
LEFT,-5.2902,-1.7247
LEFT,-4.3568,-2.8149
LEFT,-5.1189,-0.3221
LEFT,-5.2872,-0.296
LEFT,-4.0591,-2.7362
LEFT,-4.1364,-1.8618
LEFT,-5.1193,2.8906
LEFT,-4.4623,-2.4684
LEFT,-4.789,0.9428
LEFT,-4.7957,1.9714
LEFT,-4.6898,-1.4576
LEFT,-5.7308,-1.6877
LEFT,-5.7179,-1.7429
LEFT,-4.6888,-2.4219
LEFT,-4.8835,0.7909
LEFT,-4.5253,-0.7038
LEFT,-5.3766,-2.321
LEFT,-4.9894,-2.3621
LEFT,-4.6077,-0.9283
LEFT,-5.4526,-0.4783
LEFT,-4.0862,-2.7666
LEFT,-5.3662,-1.8601
LEFT,-5.9545,-2.8101
LEFT,-5.0839,1.8614
LEFT,-4.7326,-0.1775
LEFT,-5.8131,-1.2541
LEFT,-4.7918,2.105
LEFT,-4.019,-1.9079
LEFT,-5.0576,-1.6016
LEFT,-5.9189,-1.1544
LEFT,-5.2581,-1.2786
LEFT,-4.7012,-2.9723
LEFT,-5.105,1.8032
LEFT,-5.3308,-0.6278
LEFT,-5.763,-2.5913
LEFT,-5.4499,0.2076
LEFT,-5.4757,-1.0027
LEFT,-4.2639,-2.5888
LEFT,-4.7742,0.5359
LEFT,-4.5761,-1.3897
LEFT,-4.6934,-1.2958
LEFT,-5.4856,-0.5943
LEFT,-4.8934,2.5357
LEFT,-5.2175,-2.6401
LEFT,-4.1066,-2.5742
LEFT,-5.0593,-1.6501
LEFT,-5.1463,2.6365
LEFT,-4.8443,-2.5926
LEFT,-4.2346,-1.8686
LEFT,-5.2388,2.9606
LEFT,-5.3431,-2.1482
LEFT,-5.2186,1.358
LEFT,-5.6791,-1.4256
LEFT,-5.0114,1.7733
LEFT,-4.9109,1.3127
LEFT,-5.0749,-1.294
LEFT,-5.4201,0.7948
LEFT,-4.37,-1.8265
LEFT,-4.6147,-0.2065
LEFT,-5.5075,-2.7978
LEFT,-4.471,-1.6276
LEFT,-5.8642,-2.7463
LEFT,-4.2782,-1.4864
LEFT,-4.8919,-2.8039
LEFT,-4.8373,-2.7089
LEFT,-4.8445,-1.6386
LEFT,-4.0117,-1.9554
LEFT,-5.2027,2.4408
LEFT,-5.7309,-2.3112
LEFT,-5.4206,0.7029
LEFT,-5.1545,-1.4173
LEFT,-4.918,2.4777
LEFT,-4.2963,-2.0592
LEFT,-4.6449,0.9897
LEFT,-4.7773,-0.704
LEFT,-5.0975,0.8515
LEFT,-4.6026,-2.2506
LEFT,-5.0992,-0.6462
LEFT,-4.1056,-2.4973
LEFT,-4.3383,-1.9964
LEFT,-4.0693,-2.0233
LEFT,-4.4658,-2.8036
LEFT,-4.3693,-2.3052
LEFT,-4.7127,-2.1574
LEFT,-4.953,0.3675
LEFT,-5.7824,-1.3357
LEFT,-4.7581,0.8049
LEFT,-5.0818,0.3403
LEFT,-4.1754,-1.9704
LEFT,-4.0138,-1.6982
LEFT,-5.4696,-0.9922
LEFT,-4.9339,1.927
LEFT,-4.3001,-1.8658
LEFT,-5.6258,-2.7951
LEFT,-4.206,-2.232
LEFT,-5.1425,0.7305
LEFT,-5.0284,0.9699
LEFT,-4.8504,-2.3902
LEFT,-5.0213,-1.8933
LEFT,-5.4019,0.8
LEFT,-4.728,0.1172
LEFT,-5.3174,0.1502
LEFT,-5.2504,0.9534
LEFT,-4.5486,-1.0337
LEFT,-5.8927,-1.2699
LEFT,-4.2594,-2.1723
LEFT,-4.4588,-1.6545
LEFT,-4.9629,1.6308
LEFT,-4.9977,-2.6263
LEFT,-4.897,2.8619
LEFT,-5.198,2.4557
LEFT,-4.6593,-0.2221
LEFT,-4.8923,2.6756
LEFT,-4.1888,-2.4989
LEFT,-5.0792,-0.9107
LEFT,-5.028,0.0492
LEFT,-5.1977,-2.5318
LEFT,-5.14,-1.84
LEFT,-5.1942,-1.3515
LEFT,-5.5762,-2.9511
LEFT,-4.3328,-1.907
LEFT,-4.9315,-1.0219
LEFT,-5.8544,-1.1068
LEFT,-5.1241,-1.0276
LEFT,-4.8849,2.4959
LEFT,-4.055,-1.3238
LEFT,-4.9443,1.7341
LEFT,-4.4174,-1.5045
LEFT,-5.3257,0.7652
LEFT,-4.5553,-1.4128
LEFT,-5.7326,-1.5795
LEFT,-5.9736,-1.4206
LEFT,-4.9272,0.2449
LEFT,-5.9195,-2.789
LEFT,-5.9079,-2.5405
LEFT,-4.3892,-1.6788
LEFT,-4.1935,-1.3025
LEFT,-4.4425,-1.5826
LEFT,-5.098,-1.5924
LEFT,-5.27,-1.8841
LEFT,-5.1346,2.9082
LEFT,-4.2358,-2.3013
LEFT,-5.1661,-2.8256
LEFT,-5.3632,-1.0247
LEFT,-4.8175,0.9629
LEFT,-4.2123,-1.5307
LEFT,-4.5844,-2.2322
LEFT,-5.3765,-2.659
LEFT,-5.0708,-2.3126
LEFT,-4.9658,-2.9149
LEFT,-4.171,-2.5457
LEFT,-4.6058,-2.8468
LEFT,-5.1762,1.7455
LEFT,-4.9076,-2.6992
LEFT,-5.9425,-1.9532
LEFT,-4.9639,1.1843
LEFT,-4.8649,-2.0841
LEFT,-5.6845,-1.4698
LEFT,-4.1281,-1.0165
LEFT,-5.2045,1.2305
LEFT,-4.6042,-2.371
LEFT,-4.5023,-2.6239
LEFT,-4.7513,-1.3931
LEFT,-4.7249,-1.2425
LEFT,-5.8325,-2.4665
LEFT,-5.4508,-0.8654
LEFT,-5.0273,-1.0729
LEFT,-5.2644,-2.3478
LEFT,-5.188,2.9446
LEFT,-4.4823,-2.248
LEFT,-4.7499,-0.8745
LEFT,-5.0521,1.1588
LEFT,-5.0205,-0.226
LEFT,-4.5271,-2.5546
LEFT,-4.5108,-2.5255
LEFT,-4.0649,-2.4563
LEFT,-5.0053,-1.2358
LEFT,-4.1084,-1.892
LEFT,-4.3497,-2.5584
LEFT,-4.3506,-2.9617
LEFT,-4.3717,-1.7831
LEFT,-4.7889,1.9921
LEFT,-5.3376,-2.356
LEFT,-4.8162,1.4055
LEFT,-5.7235,-1.0853
LEFT,-4.8265,-0.0319
LEFT,-5.1404,1.0728
LEFT,-5.4239,0.4289
LEFT,-5.9057,-2.2395
LEFT,-5.496,-2.4349
LEFT,-4.6471,-1.7361
LEFT,-4.735,-2.9832
LEFT,-5.1431,-2.7037
LEFT,-5.8662,-1.317
LEFT,-5.1262,-0.5643
LEFT,-5.9871,-1.3349
LEFT,-4.768,2.5492
LEFT,-5.3705,-1.894
LEFT,-4.025,-2.1771
LEFT,-5.7493,-1.2997
LEFT,-4.753,-1.7191
LEFT,-4.5068,0.8696
LEFT,-5.771,-2.8007
LEFT,-5.134,1.7517
LEFT,-5.046,1.3533
LEFT,-4.507,0.5227
LEFT,-5.2328,1.5547
LEFT,-4.5258,-1.4586
LEFT,-4.9186,-2.5303
LEFT,-5.9428,-1.9183
LEFT,-4.483,-2.2788
LEFT,-4.1119,-2.4614
LEFT,-4.2352,-1.5584
LEFT,-5.4106,-2.3403
LEFT,-5.3689,0.4814
LEFT,-4.6394,0.4528
LEFT,-4.039,-2.0312
LEFT,-4.9214,2.996
LEFT,-4.2951,-2.7249
LEFT,-4.581,-0.9752
LEFT,-4.0872,-2.29
LEFT,-5.0318,2.5759
LEFT,-5.3388,0.9164
LEFT,-5.9384,-2.5118
LEFT,-5.2662,-1.7364
LEFT,-4.7369,-1.03
LEFT,-4.5671,0.7955
LEFT,-4.4706,-2.9712
LEFT,-5.2271,-2.2693
LEFT,-5.0083,2.3834
LEFT,-5.0111,-0.7108
LEFT,-5.013,-2.4625
LEFT,-4.1654,-2.9901
LEFT,-5.2016,-0.8338
LEFT,-5.4333,-0.3504
LEFT,-4.5975,-1.8467
LEFT,-5.0213,1.0703
LEFT,-4.8845,1.821
LEFT,-4.255,-2.6043
LEFT,-5.7961,-2.8421
LEFT,-4.9033,-2.8927
LEFT,-4.6684,-1.7713
LEFT,-4.3775,-2.8422
LEFT,-4.7643,1.6534
LEFT,-5.189,-1.3351
LEFT,-4.3216,-2.4459
LEFT,-5.113,0.9342
LEFT,-4.9271,-1.7969
LEFT,-5.9105,-1.9698
LEFT,-5.3935,-0.6287
LEFT,-5.8039,-1.2791
LEFT,-5.8753,-1.3056
LEFT,-5.7922,-1.91
LEFT,-5.2699,0.8937
LEFT,-4.1092,-1.1689
LEFT,-4.7341,0.9587
LEFT,-4.2227,-2.0742
LEFT,-4.2917,-1.1288
LEFT,-5.0934,1.3681
LEFT,-4.431,-1.5683
LEFT,-5.4985,-2.4838
LEFT,-5.1366,2.8015
LEFT,-4.6828,-2.9718
LEFT,-5.0197,-0.0134
LEFT,-4.7031,-0.4043
LEFT,-5.0718,1.1084
LEFT,-4.5205,-0.4218
LEFT,-4.7692,2.7607
LEFT,-4.3644,-2.8644
LEFT,-5.218,-0.336
LEFT,-4.2691,-2.521
LEFT,-5.7726,-2.5267
LEFT,-4.9959,1.4614
LEFT,-5.4101,-2.4273
LEFT,-5.8137,-1.5787
LEFT,-5.7514,-2.1052
LEFT,-5.8925,-2.717
LEFT,-4.7866,2.4087
LEFT,-4.9193,-0.8197
LEFT,-5.8011,-2.2672
LEFT,-4.8142,1.1365
RIGHT,5.3808,-2.9226
RIGHT,5.2145,-2.7697
RIGHT,5.2973,0.3302
RIGHT,4.588,0.4959
RIGHT,4.2029,-2.9381
RIGHT,4.596,0.664
RIGHT,5.0663,-0.1175
RIGHT,4.8222,1.346
RIGHT,5.8008,-2.6696
RIGHT,5.5483,-1.8914
RIGHT,4.2364,-2.3569
RIGHT,4.6291,-1.1063
RIGHT,4.7938,1.9953
RIGHT,4.5777,-1.2766
RIGHT,4.7618,0.5665
RIGHT,5.1257,-2.1731
RIGHT,4.9451,0.2091
RIGHT,4.0009,-1.0763
RIGHT,5.7181,-2.5664
RIGHT,4.7465,-1.4919
RIGHT,4.2928,-2.4548
RIGHT,4.2474,-1.5015
RIGHT,5.6419,-1.8085
RIGHT,5.9911,-2.9125
RIGHT,4.3672,-1.3742
RIGHT,4.7374,-1.6722
RIGHT,4.7071,0.6907
RIGHT,4.9915,0.275
RIGHT,4.9425,-1.8872
RIGHT,4.7377,-2.7942
RIGHT,5.4497,-2.2032
RIGHT,5.3786,-1.3878
RIGHT,5.0334,-2.4723
RIGHT,5.4045,-2.0809
RIGHT,5.2829,-1.4714
RIGHT,4.9084,0.4223
RIGHT,4.717,-1.2429
RIGHT,5.6771,-2.8329
RIGHT,5.8837,-1.9452
RIGHT,4.19,-2.4335
RIGHT,5.3167,-1.677
RIGHT,4.5811,0.3259
RIGHT,5.459,-1.498
RIGHT,4.8891,-1.4054
RIGHT,5.9025,-1.3464
RIGHT,5.4813,-2.5429
RIGHT,5.265,-2.8681
RIGHT,5.0758,2.8902
RIGHT,4.3595,-1.2622
RIGHT,4.292,-2.5404
RIGHT,4.8866,-1.9085
RIGHT,5.3132,-0.0925
RIGHT,5.9183,-2.3199
RIGHT,4.8151,2.335
RIGHT,5.8905,-2.9601
RIGHT,5.5106,-1.2825
RIGHT,5.3723,-0.8501
RIGHT,5.0924,2.3302
RIGHT,5.1312,-2.6381
RIGHT,5.633,-1.8201
RIGHT,4.5471,-0.0886
RIGHT,4.7823,-1.558
RIGHT,5.0215,-0.1812
RIGHT,5.3313,-1.2448
RIGHT,5.5742,-2.0269
RIGHT,5.1586,-0.9117
RIGHT,5.6579,-1.3141
RIGHT,4.6335,-1.1348
RIGHT,4.7716,1.3816
RIGHT,4.5318,0.4156
RIGHT,5.3613,0.848
RIGHT,4.8824,2.2726
RIGHT,4.7938,2.1551
RIGHT,4.8454,0.046
RIGHT,4.7028,-0.2282
RIGHT,4.205,-1.9171
RIGHT,4.9435,1.9983
RIGHT,5.6455,-2.294
RIGHT,4.3091,-1.5245
RIGHT,5.1143,-2.5024
RIGHT,5.0314,1.1811
RIGHT,4.5528,-1.42
RIGHT,4.554,0.6216
RIGHT,5.748,-1.34
RIGHT,4.0462,-2.5805
RIGHT,4.1065,-2.3609
RIGHT,5.4735,-1.9553
RIGHT,4.8704,0.4729
RIGHT,5.2121,-2.5357
RIGHT,4.5358,-1.9681
RIGHT,4.4821,-1.1743
RIGHT,5.4747,-1.0616
RIGHT,5.129,-1.3509
RIGHT,4.9581,-0.1576
RIGHT,4.7579,-0.0263
RIGHT,4.7599,-0.9549
RIGHT,4.7541,-1.6948
RIGHT,4.2569,-1.344
RIGHT,5.2431,0.8951
RIGHT,4.7551,1.7432
RIGHT,5.1784,2.2369
RIGHT,4.2827,-1.9161
RIGHT,4.7609,2.1251
RIGHT,4.8324,-0.8149
RIGHT,4.8106,-1.4284
RIGHT,4.3232,-1.2647
RIGHT,5.0295,-1.1818
RIGHT,4.7432,0.9757
RIGHT,5.8391,-1.1189
RIGHT,4.6371,-0.909
RIGHT,5.8177,-1.4809
RIGHT,5.0659,0.7335
RIGHT,5.0446,-2.2068
RIGHT,4.7943,1.0633
RIGHT,4.7498,-1.9022
RIGHT,5.6562,-1.1967
RIGHT,5.4947,0.831
RIGHT,4.6909,0.8022
RIGHT,5.5967,-1.3523
RIGHT,5.8411,-2.8982
RIGHT,5.1576,-2.3572
RIGHT,4.4955,-1.0837
RIGHT,4.576,-2.0717
RIGHT,4.8803,0.6372
RIGHT,4.7562,-0.674
RIGHT,5.4055,-0.0055
RIGHT,5.0386,-2.3231
RIGHT,4.7446,0.2037
RIGHT,4.9794,0.4791
RIGHT,4.8469,2.0909
RIGHT,5.0537,-1.1173
RIGHT,5.3824,0.0353
RIGHT,5.9688,-1.8192
RIGHT,5.1553,-0.7571
RIGHT,4.5938,0.6674
RIGHT,4.0495,-1.5851
RIGHT,4.7103,-0.7137
RIGHT,5.2843,-1.8039
RIGHT,5.2388,1.1023
RIGHT,4.8757,-2.2759
RIGHT,4.4812,-1.0382
RIGHT,5.1289,-1.222
RIGHT,5.2857,-0.7996
RIGHT,4.9518,1.9483
RIGHT,5.6452,-2.2617
RIGHT,5.1901,-0.6942
RIGHT,5.1143,-0.7533
RIGHT,5.5432,-2.8188
RIGHT,4.8829,1.0284
RIGHT,5.2563,0.0546
RIGHT,5.4634,0.2345
RIGHT,5.1795,0.8741
RIGHT,4.7297,-2.4551
RIGHT,5.2107,0.5164
RIGHT,4.7812,-1.6667
RIGHT,5.1304,-2.0023
RIGHT,5.3077,0.6726
RIGHT,5.1839,1.0427
RIGHT,4.3465,-2.2482
RIGHT,5.154,-1.9438
RIGHT,4.5019,-1.4427
RIGHT,4.8167,-2.7778
RIGHT,4.3142,-2.3337
RIGHT,4.7522,0.4832
RIGHT,4.9121,1.6729
RIGHT,5.5326,-2.1572
RIGHT,4.9212,1.0895
RIGHT,4.8839,1.1901
RIGHT,5.1967,-1.3277
RIGHT,4.0394,-2.1092
RIGHT,4.711,0.6497
RIGHT,5.0159,2.4018
RIGHT,4.592,-2.7462
RIGHT,5.3032,-1.9073
RIGHT,4.3392,-1.9992
RIGHT,5.0012,0.9769
RIGHT,5.4201,0.1592
RIGHT,5.3334,0.9299
RIGHT,5.8307,-2.0554
RIGHT,4.926,-1.2148
RIGHT,5.1229,-1.37
RIGHT,4.4928,-2.5536
RIGHT,5.5051,-1.336
RIGHT,4.1175,-1.3042
RIGHT,5.0319,2.5793
RIGHT,5.9324,-1.2301
RIGHT,4.298,-1.0882
RIGHT,4.8866,1.4443
RIGHT,4.944,2.5141
RIGHT,4.924,2.507
RIGHT,4.9873,-1.0286
RIGHT,5.4044,-1.2664
RIGHT,4.4209,-2.3131
RIGHT,5.4001,-2.9516
RIGHT,4.5255,0.4018
RIGHT,5.4997,0.0905
RIGHT,4.4011,-1.4035
RIGHT,4.0771,-1.3313
RIGHT,5.4192,-0.5144
RIGHT,5.559,-2.1028
RIGHT,5.1117,1.5182
RIGHT,4.7251,-0.5464
RIGHT,5.1208,0.5351
RIGHT,5.2757,-1.9711
RIGHT,5.474,-0.9005
RIGHT,5.3238,-1.2026
RIGHT,5.1894,2.1696
RIGHT,5.0663,-0.2495
RIGHT,5.3967,-2.4188
RIGHT,4.5593,-1.1087
RIGHT,4.8483,-1.6392
RIGHT,5.089,-2.7418
RIGHT,4.8132,-0.7617
RIGHT,4.3352,-1.2563
RIGHT,5.3764,-1.8261
RIGHT,4.2108,-2.1799
RIGHT,4.285,-1.6994
RIGHT,4.8872,-2.645
RIGHT,4.827,2.0788
RIGHT,5.4984,-0.421
RIGHT,5.169,-1.9019
RIGHT,5.3611,-1.9045
RIGHT,5.23,1.6804
RIGHT,5.3996,-1.7877
RIGHT,5.016,-0.5218
RIGHT,5.2027,-1.7392
RIGHT,4.4781,-1.4212
RIGHT,5.5651,-2.2592
RIGHT,4.8142,2.3345
RIGHT,4.8216,-2.3319
RIGHT,4.9629,0.3649
RIGHT,4.097,-2.9868
RIGHT,4.1019,-1.6298
RIGHT,4.8604,1.7536
RIGHT,5.4983,-1.9321
RIGHT,4.3103,-1.1698
RIGHT,4.7774,-0.0348
RIGHT,4.0204,-1.771
RIGHT,4.2703,-1.2243
RIGHT,4.4889,-2.6717
RIGHT,4.3899,-1.0323
RIGHT,5.9613,-1.2498
RIGHT,4.8457,-0.8904
RIGHT,5.6619,-1.2254
RIGHT,5.9376,-1.2274
RIGHT,4.0548,-1.14
RIGHT,5.9149,-1.7578
RIGHT,4.8234,2.2097
RIGHT,4.9177,0.9433
RIGHT,5.1199,2.2173
RIGHT,5.3862,-2.8645
RIGHT,5.3261,-0.6191
RIGHT,4.4857,-2.3432
RIGHT,5.6714,-2.4939
RIGHT,4.5676,-2.4094
RIGHT,5.3353,-1.8327
RIGHT,5.8438,-2.2035
RIGHT,5.243,-2.345
RIGHT,4.9934,1.109
RIGHT,5.18,1.7794
RIGHT,4.5374,-1.7136
RIGHT,4.8414,-2.5955
RIGHT,5.2059,1.072
RIGHT,4.5822,-2.3606
RIGHT,4.5904,-1.3071
RIGHT,4.7667,0.9801
RIGHT,4.5631,0.1948
RIGHT,5.9228,-2.5359
RIGHT,5.0698,-1.8078
RIGHT,4.2373,-1.0131
RIGHT,4.9818,0.0358
RIGHT,5.7647,-1.0682
RIGHT,4.9866,-1.408
RIGHT,5.3353,-1.7284
RIGHT,5.0014,-2.3829
RIGHT,4.3021,-2.117
RIGHT,4.8024,0.3884
RIGHT,5.3975,-0.0984
RIGHT,5.7933,-1.0592
RIGHT,5.0361,-2.6514
RIGHT,5.1545,1.2329
RIGHT,4.6525,0.4776
RIGHT,4.9581,2.5447
RIGHT,5.8466,-2.2143
RIGHT,5.2781,-1.6067
RIGHT,4.2042,-1.6974
RIGHT,5.493,-2.9034
RIGHT,4.7082,-2.9792
RIGHT,5.6585,-1.5547
RIGHT,5.2071,1.1577
RIGHT,4.974,2.8189
RIGHT,5.3642,0.081
RIGHT,4.7727,-0.2745
RIGHT,5.1329,-2.0995
RIGHT,4.1698,-2.1008
RIGHT,4.6783,-1.1338
RIGHT,4.8871,-2.0544
RIGHT,4.0567,-2.7836
RIGHT,5.5721,-1.4733
RIGHT,5.2003,2.8668
RIGHT,5.2562,-0.148
RIGHT,4.7796,-1.9909
RIGHT,5.8149,-2.636
RIGHT,4.7328,-0.6094
RIGHT,5.6872,-2.4347
RIGHT,4.8563,-1.0725
RIGHT,4.7978,1.6224
RIGHT,4.7919,-2.6667
RIGHT,5.0215,1.4409
RIGHT,4.0585,-1.9227
RIGHT,4.7464,-0.005
RIGHT,5.9939,-2.6589
RIGHT,4.0639,-2.1613
RIGHT,5.1044,2.1737
RIGHT,5.1812,-0.0681
RIGHT,4.9404,-0.2106
RIGHT,5.162,0.4504
RIGHT,5.8734,-2.9434
RIGHT,4.9433,0.8086
RIGHT,5.8528,-2.4773
RIGHT,4.8984,-1.137
RIGHT,4.2178,-1.4292
RIGHT,5.19,-2.2807
RIGHT,5.046,2.499
RIGHT,4.0184,-1.0188
RIGHT,5.3917,-2.3499
RIGHT,5.0043,-1.7062
RIGHT,4.894,-2.168
RIGHT,4.8964,1.2658
RIGHT,5.6935,-1.681
RIGHT,4.5418,-2.3571
RIGHT,4.7666,2.1182
RIGHT,5.2634,-1.5684
RIGHT,5.7905,-1.3677
RIGHT,5.6128,-2.8672
RIGHT,5.2151,-0.2772
RIGHT,5.7015,-1.6469
RIGHT,4.2226,-2.3048
RIGHT,4.8128,-2.2665
RIGHT,5.1447,0.9811
RIGHT,4.9553,2.4259
RIGHT,4.6039,-2.1443
RIGHT,4.741,-1.4461
RIGHT,5.1187,-2.7226
RIGHT,5.458,-0.5501
RIGHT,5.1257,-1.666
RIGHT,5.0794,-0.5001
RIGHT,5.0631,-0.5058
RIGHT,4.5291,-1.3041
RIGHT,5.392,0.6194
RIGHT,5.7433,-2.8826
RIGHT,5.3112,-2.1185
RIGHT,4.6987,-2.7485
RIGHT,5.3864,-2.8463
RIGHT,4.8422,-0.774
RIGHT,5.0506,-2.6705
RIGHT,5.2732,-1.4698
RIGHT,4.3707,-1.3264
RIGHT,4.5537,0.7013
RIGHT,5.1733,-2.0897
RIGHT,5.3406,-1.3726
RIGHT,5.7789,-1.5383
RIGHT,5.3626,-2.9045
RIGHT,5.0048,-0.4062
RIGHT,5.0996,2.2324
RIGHT,5.2216,1.8024
RIGHT,5.2375,-2.0184
RIGHT,4.6236,-1.2701
RIGHT,4.8929,0.4572
RIGHT,4.0261,-1.0184
RIGHT,5.0127,-2.6667
RIGHT,5.8642,-2.9324
RIGHT,4.2014,-2.1709
RIGHT,4.3401,-1.806
RIGHT,5.0127,2.7215
RIGHT,5.4427,0.4176
RIGHT,4.5934,-2.3693
RIGHT,4.9618,-1.9533
RIGHT,5.0999,-1.4418
RIGHT,4.7833,-1.7775
RIGHT,5.9932,-1.1911
RIGHT,4.8132,-2.2597
RIGHT,4.981,1.561
RIGHT,4.7712,-2.7712
RIGHT,4.9747,0.8587
RIGHT,5.2663,-0.0427
RIGHT,5.1079,1.6598
RIGHT,5.4366,0.7432
RIGHT,5.0504,-1.5507
RIGHT,4.6582,-2.6016
RIGHT,4.6868,-0.4393
RIGHT,4.1848,-2.0493
RIGHT,4.5325,-2.7314
RIGHT,5.1287,1.237
RIGHT,4.5116,-2.2173
RIGHT,4.8938,-1.0489
RIGHT,4.3587,-1.6245
RIGHT,4.8094,-0.4264
RIGHT,4.6632,0.2796
RIGHT,5.6868,-2.7983
RIGHT,4.4734,-2.83
RIGHT,5.2079,-1.4151
RIGHT,4.4436,-1.301
RIGHT,5.2913,-2.9547
RIGHT,5.4889,-0.6955
RIGHT,5.2047,-2.4272
RIGHT,4.2194,-1.3281
RIGHT,4.5867,-1.4046
RIGHT,4.7813,-1.7426
RIGHT,4.4586,-1.8737
RIGHT,4.5451,0.6823
RIGHT,4.9653,2.982
RIGHT,4.8389,2.0502
RIGHT,5.0798,2.6353
RIGHT,4.9204,-1.4518
RIGHT,5.0017,-0.7648
RIGHT,4.0577,-2.2345
RIGHT,5.0886,-2.0044
RIGHT,5.1131,-2.4135
RIGHT,4.8944,-2.2405
RIGHT,5.1359,-2.4618
RIGHT,5.6119,-1.5361
RIGHT,4.699,-1.5759
RIGHT,5.3766,-1.0283
RIGHT,4.7349,-2.7995
RIGHT,4.872,1.0629
RIGHT,4.9615,-0.0094
RIGHT,4.8241,1.5203
RIGHT,4.7073,-0.4111
RIGHT,5.1692,1.9462
RIGHT,5.3521,-2.6443
RIGHT,4.6961,0.7368
RIGHT,4.8266,1.4526
RIGHT,4.8288,-2.9333
RIGHT,5.4131,-2.8377
RIGHT,4.2422,-1.8948
RIGHT,5.9598,-1.12
RIGHT,4.7427,-1.5425
RIGHT,4.8413,2.4176
RIGHT,4.8731,0.1206
RIGHT,5.8252,-2.0662
RIGHT,5.3955,-2.9301
RIGHT,5.9125,-1.8029
RIGHT,5.8744,-1.5133
RIGHT,5.5504,-2.013
RIGHT,4.5326,-0.5761
RIGHT,4.9689,2.9832
RIGHT,5.2506,-1.2785
RIGHT,5.0508,-2.4053
RIGHT,4.578,-2.8295
RIGHT,5.6923,-2.3532
RIGHT,4.9529,2.4223
RIGHT,4.8506,2.7853
RIGHT,4.9087,1.0181
RIGHT,5.3079,-2.1537
RIGHT,4.8152,1.5569
RIGHT,4.1559,-1.1004
RIGHT,5.2927,-1.4647
RIGHT,4.8247,-0.5361
RIGHT,5.4508,-2.3922
RIGHT,4.5628,0.446
RIGHT,4.5237,-2.8092
RIGHT,5.9944,-2.5084
RIGHT,5.3371,-1.2107
RIGHT,4.5732,-1.8751
RIGHT,5.3829,-1.9723
RIGHT,5.0684,-1.1354
RIGHT,4.9714,2.3509
RIGHT,5.4489,-0.696
RIGHT,5.86,-1.2766
RIGHT,4.6479,0.3216
RIGHT,5.7518,-1.7957
RIGHT,5.7306,-1.8412
RIGHT,4.7632,-1.4555
RIGHT,4.5326,-1.5683
RIGHT,4.7164,-1.568
RIGHT,4.9603,2.6802
RIGHT,4.7709,1.2537
RIGHT,5.1195,-1.6687
RIGHT,5.6769,-2.6508
RIGHT,4.5095,0.9232
RIGHT,4.6993,-0.2687
RIGHT,5.2215,1.837
RIGHT,5.9881,-2.7211
RIGHT,4.8586,2.559
RIGHT,4.3804,-1.7362
RIGHT,5.234,-0.3137
RIGHT,5.2569,0.0548
RIGHT,5.488,-1.2781
RIGHT,4.8823,2.4555
RIGHT,4.0653,-1.8958
RIGHT,5.0429,0.1053
RIGHT,4.9096,-2.6132
RIGHT,4.8095,-1.4328
RIGHT,4.6361,-1.0959
RIGHT,5.4141,-2.778
RIGHT,4.5872,-1.8456
RIGHT,4.4868,-1.0879
RIGHT,4.0573,-1.1851
RIGHT,4.8006,2.8698
NOISE,-7.1059,-2.8633
NOISE,3.0814,-2.348
NOISE,2.98,0.6736
NOISE,7.318,2.2302
NOISE,-2.2526,2.4233
NOISE,-0.0513,5.7719
NOISE,3.2535,2.035
NOISE,-4.079,5.0813
NOISE,-1.1236,-3.2094
NOISE,-0.5909,5.7072
NOISE,2.6057,-5.7284
NOISE,1.3475,4.4374
NOISE,6.2048,0.5765
NOISE,3.6849,4.1961
NOISE,-0.4688,2.0404
NOISE,-2.1212,-2.1515
NOISE,-6.5383,-4.7918
NOISE,2.2058,-3.5875
NOISE,-2.491,1.9741
NOISE,5.5086,4.6217
NOISE,-6.005,1.0427
NOISE,6.9956,-5.2647
NOISE,-6.8973,-0.7915
NOISE,-3.7989,1.7791
NOISE,1.4764,2.7728
NOISE,-5.4984,2.9277
NOISE,-2.3346,2.6442
NOISE,6.3528,5.4345
NOISE,-7.856,5.7283
NOISE,-1.1589,3.4571
NOISE,5.3071,3.6173
NOISE,-1.7616,-5.3648
NOISE,7.7291,-2.9717
NOISE,-2.4935,-2.3821
NOISE,1.5192,2.251
NOISE,0.1466,-5.3867
NOISE,6.4162,0.2849
NOISE,-6.6982,-4.2964
NOISE,-3.5964,-4.7779
NOISE,5.5621,5.1142
NOISE,-1.8345,-2.0982
NOISE,7.9627,-1.647
NOISE,7.7051,2.7534
NOISE,7.5201,-0.1701
NOISE,2.5233,0.9174
NOISE,-2.865,-0.965
NOISE,1.7266,0.8563
NOISE,7.3619,3.3492
NOISE,-2.1671,5.6417
NOISE,7.2321,-1.1865
NOISE,-3.1764,4.4546
NOISE,-1.3854,-0.289
NOISE,-7.9725,-2.1261
NOISE,-0.3326,-4.1875
NOISE,7.0863,-5.3048
NOISE,1.8621,-5.4257
NOISE,3.1256,3.8496
NOISE,-3.3964,-3.9613
NOISE,-4.088,-5.0662
NOISE,-2.1099,5.2225
NOISE,-1.429,-5.6435
NOISE,-2.9673,-1.9346
NOISE,7.392,3.4901
NOISE,-2.997,-0.111
NOISE,-3.5207,-2.321
NOISE,-7.1194,-3.6648
NOISE,-4.6554,4.1266
NOISE,1.0477,-4.7563
NOISE,-3.8503,3.0505
NOISE,2.5083,-5.5558
NOISE,2.1413,-3.8671
NOISE,-1.454,-3.5419
NOISE,-2.7805,0.8005
NOISE,-1.8834,0.4439
NOISE,-0.828,4.7309
NOISE,-5.848,0.1339
NOISE,-3.0893,2.108
NOISE,5.3634,5.5361
NOISE,-2.6347,1.4636
NOISE,1.8832,5.0605
NOISE,-6.3313,-4.7843
NOISE,-5.6632,5.0964
NOISE,7.6827,-1.4451
NOISE,-5.7943,4.6959
NOISE,-0.6558,4.9101
NOISE,4.8148,5.6709
NOISE,7.1276,0.7726
NOISE,-5.5011,3.252
NOISE,4.9049,-5.6435
NOISE,3.2521,-4.47
NOISE,5.985,0.1787
NOISE,3.3014,-2.3312
NOISE,-2.2672,5.7008
NOISE,6.2388,-5.3415
NOISE,0.897,2.2068
NOISE,5.1969,-4.1887
NOISE,-2.4245,-3.1377
NOISE,4.2362,1.8396
NOISE,7.2319,2.9308
NOISE,1.1845,5.4019
NOISE,5.0565,-4.8587
NOISE,7.0687,-4.5458
NOISE,4.8602,-4.2266
NOISE,0.2459,-3.8521
NOISE,3.6025,4.2433
NOISE,0.6755,2.9755
NOISE,-7.2656,3.3156
NOISE,-1.2793,0.7371
NOISE,-4.6219,4.762
NOISE,-3.5318,-5.8631
NOISE,-6.4482,1.5164
NOISE,-3.9457,-5.1771
NOISE,-2.3594,-2.6974
NOISE,-7.0109,-0.0254
NOISE,7.645,-1.1293
NOISE,0.9705,-0.6368
NOISE,-7.2869,1.1265
NOISE,3.8083,-0.0088
NOISE,0.6594,5.1981
NOISE,-0.7751,3.4951
NOISE,2.6542,2.9842
NOISE,7.1058,-0.7364
NOISE,-3.8693,0.2899
NOISE,7.3714,3.0037
NOISE,-6.993,3.3506
NOISE,4.5077,2.2422
NOISE,2.0121,5.1231
NOISE,2.0515,-4.7262
NOISE,-6.9435,-4.8201
NOISE,6.0212,-0.1324
NOISE,-5.4524,-4.5742
NOISE,-7.3247,1.7646
NOISE,6.7191,-3.7708
NOISE,3.6077,1.1079
NOISE,3.8184,-0.2508
NOISE,-2.2516,2.4332
NOISE,3.9177,5.6745
NOISE,-3.4498,1.3889
NOISE,-6.1741,0.3307
NOISE,-3.2644,3.5201
NOISE,6.8061,-5.0102
NOISE,-1.8039,-0.4526
NOISE,4.0743,-3.9201
NOISE,-3.1751,-4.1295
NOISE,-4.5179,3.1876
NOISE,-2.583,-3.879
NOISE,0.9348,1.4952
NOISE,6.3974,-4.4422
NOISE,-4.9729,-5.8352
NOISE,7.7494,5.6298
NOISE,2.1055,4.2652
NOISE,7.1661,-1.8051
NOISE,-2.78,-5.8399
NOISE,3.9852,3.1773
NOISE,3.1465,4.4254
NOISE,-1.2765,-1.484
NOISE,-7.6933,5.9433
NOISE,1.932,5.5814
NOISE,6.5476,-4.0167
NOISE,-6.4747,-4.6443
NOISE,-6.3516,3.5068
NOISE,-0.1826,-3.5204
NOISE,5.1698,-4.7067
NOISE,-2.09,-4.5158
NOISE,-2.1237,4.1087
NOISE,-2.8808,5.6777
NOISE,2.9993,-2.3655
NOISE,-1.7517,-2.0266
NOISE,4.0091,3.4847
NOISE,-6.15,-3.6189
NOISE,7.6839,-5.5332
NOISE,-4.6028,3.2423
NOISE,-0.3416,3.7966
NOISE,2.9931,-2.6179
NOISE,3.6191,-2.4758
NOISE,-5.9096,-0.0963
NOISE,4.1495,3.4985
NOISE,-7.2957,-0.0371
NOISE,3.8295,-3.5473
NOISE,3.2462,-5.9892
NOISE,-7.1105,-3.8781
NOISE,-3.0641,2.0086
NOISE,-7.4282,3.3492
NOISE,-4.1397,3.634
NOISE,-6.7741,3.1802
NOISE,7.5901,-4.7775
NOISE,1.9336,-1.2592
NOISE,-2.9777,-4.903
NOISE,-0.7171,0.3623
NOISE,-0.8428,-5.6454
NOISE,-1.1341,-5.1538
NOISE,2.7767,5.5967
NOISE,0.7906,1.3616
NOISE,-1.2538,4.5676
NOISE,-6.4571,0.2025
NOISE,0.789,4.1581
NOISE,7.6816,1.4375
NOISE,4.5283,-5.3377
NOISE,6.8035,3.8803
NOISE,-2.448,-5.9276
NOISE,-0.2769,3.5291
NOISE,6.1355,-0.4692
NOISE,4.7267,4.8242
NOISE,7.0964,5.4183
NOISE,7.9392,0.869
NOISE,-7.5481,3.0481
NOISE,7.4552,-5.9143
NOISE,-6.69,2.5091
NOISE,0.7197,5.7473
NOISE,-0.4551,-5.1608
NOISE,-1.8209,-0.2412
NOISE,-2.7277,4.7588
NOISE,6.2451,1.6799
NOISE,-1.2207,-1.8471
NOISE,7.1067,-0.8715
NOISE,2.3607,5.42
NOISE,-7.8359,-0.8595
NOISE,-5.0714,-4.2457
NOISE,-3.713,-3.1567
NOISE,-6.4451,0.4988
NOISE,1.6059,-3.9251
NOISE,3.4334,-3.4768
NOISE,-3.0393,-1.2886
NOISE,1.9126,-1.7833
NOISE,-7.8972,-1.6526
NOISE,2.7329,-4.4184
NOISE,-1.5398,3.3336
NOISE,7.2907,3.4737
NOISE,6.4194,-1.5441
NOISE,6.0873,3.2613
NOISE,-7.2284,-5.4082
NOISE,1.3964,-4.5543
NOISE,7.0623,4.9746
NOISE,-4.0205,4.9735
NOISE,3.689,-5.3624
NOISE,-0.1684,4.9015
NOISE,3.2124,2.9545
NOISE,-1.0614,-0.0175
NOISE,-1.1789,-0.5351
NOISE,-2.381,-3.8672
NOISE,-4.9118,3.4416
NOISE,-0.6271,1.8843
NOISE,7.4043,5.8757
NOISE,0.0801,-4.0146
NOISE,-5.6665,-4.5557
NOISE,-1.8456,-3.6373
NOISE,-7.5493,-3.9562
NOISE,5.5002,1.3002
NOISE,-6.6922,-2.1658
NOISE,-4.3721,1.8724
NOISE,4.8428,4.799
NOISE,-3.9629,2.0274
NOISE,1.2237,1.1585
NOISE,3.3128,3.2673
NOISE,-0.8759,3.571
NOISE,-6.0332,-0.2267
NOISE,-7.9903,-4.7926
NOISE,0.4785,3.223
NOISE,2.167,-5.0499
NOISE,-1.7815,-0.1936
NOISE,-2.8445,1.337
NOISE,-7.1147,1.5914
NOISE,-3.9431,1.9448
NOISE,-1.3923,5.4421
NOISE,3.1568,2.0709
NOISE,2.2509,-4.6931
NOISE,3.0262,-0.9403
NOISE,-1.0093,5.6897
NOISE,5.9483,0.2449
NOISE,7.9263,1.3154
NOISE,2.0675,-5.6425
NOISE,3.7695,3.9925
NOISE,-4.7309,4.6457
NOISE,-6.4475,3.9469
NOISE,-3.0624,-2.7767
NOISE,7.2014,5.2521
NOISE,-1.7731,3.8098
NOISE,4.8968,-4.0725
NOISE,-2.3245,2.8857
NOISE,5.9013,2.1078
NOISE,7.8134,2.4411
NOISE,-7.73,-2.1279
NOISE,-1.1761,-0.6416
NOISE,1.6296,-3.4911
NOISE,3.9417,-3.4834
NOISE,-0.2566,-3.7297
NOISE,2.3767,-0.4172
NOISE,-0.5185,2.0806
NOISE,-5.7263,-3.216
NOISE,-1.4315,5.9277
NOISE,-2.8512,5.7905
NOISE,-2.6796,4.0908
NOISE,3.703,4.5148
NOISE,7.5685,-2.28
NOISE,4.532,-4.5952
NOISE,4.7202,3.8358
NOISE,-4.9709,3.5923
NOISE,-0.0454,-5.5631
NOISE,-2.6637,-1.4906
NOISE,-7.8253,2.2601
NOISE,2.0952,5.5739
NOISE,2.2349,-4.4778
NOISE,-0.0697,-4.927
NOISE,6.249,-2.0581
NOISE,4.7792,5.2494
NOISE,1.4255,2.2879
NOISE,5.1394,3.4552
NOISE,5.985,4.9665
NOISE,-2.1189,5.702
NOISE,2.5351,-1.9546
NOISE,-7.9074,2.5688
NOISE,6.02,2.6287
NOISE,4.1536,1.5972
NOISE,6.2604,0.6732
NOISE,4.7826,5.5003
NOISE,5.4657,-3.2099
NOISE,3.0043,-3.9227
NOISE,3.0388,0.5932
NOISE,4.7578,3.8988
NOISE,-2.543,5.3713
NOISE,-4.9435,5.9689
NOISE,2.9585,4.5983
NOISE,-0.7434,0.3999
NOISE,0.1449,4.4965
NOISE,-1.2031,-4.5793
NOISE,-5.8172,-4.2143
NOISE,3.0484,3.5835
NOISE,3.2953,2.0566
NOISE,2.1085,-0.8475
NOISE,0.0419,-4.0059
NOISE,-1.5517,4.0722
NOISE,7.7342,5.6913
NOISE,2.0879,3.9629
NOISE,-2.8715,-5.5416
NOISE,-7.7961,-3.0468
NOISE,2.8137,5.8317
NOISE,-0.5469,-4.3818
NOISE,-5.2526,-4.9667
NOISE,5.8056,-0.7077
NOISE,0.7545,0.9749
NOISE,2.0447,-3.5866
NOISE,-7.056,-3.3719
NOISE,6.7956,-4.45
NOISE,-6.5022,-3.9354
NOISE,2.785,-5.3389
NOISE,-7.0176,-5.3971
NOISE,7.4689,4.9391
NOISE,7.6532,3.3922
NOISE,1.1159,0.8995
NOISE,0.13,-5.1374
NOISE,2.4505,-3.6933
NOISE,-0.8791,3.2968
NOISE,-1.2762,2.1767
NOISE,-7.6836,-0.0724
NOISE,-1.8885,2.2266
NOISE,2.5615,-2.6482
NOISE,4.805,4.614
NOISE,2.264,-3.6408
NOISE,-1.7302,5.9568
NOISE,3.5349,-1.2053
NOISE,-5.4544,3.8884
NOISE,3.5561,-1.2536
NOISE,-6.3353,2.6739
NOISE,3.9814,-5.115
NOISE,0.7208,3.759
NOISE,6.4673,-1.0662
NOISE,-3.3262,-4.3587
NOISE,-5.9329,-3.4138
NOISE,1.6028,3.0736
NOISE,2.3334,-1.2686
NOISE,2.0192,-5.9395
NOISE,-7.5901,5.2646
NOISE,-2.8065,-4.1408
NOISE,-2.7751,3.2441
NOISE,6.3467,-4.7896
NOISE,-0.0884,3.8451
NOISE,-2.5097,-1.2796
NOISE,3.2015,-4.4902
NOISE,-5.624,-5.9582
NOISE,5.0945,4.0987
NOISE,3.6198,3.5494
NOISE,6.4356,1.2844
NOISE,-3.9866,-0.7093
NOISE,4.5645,-4.8918
NOISE,-2.2933,1.6872
NOISE,6.2067,0.708
NOISE,-7.0474,-4.9753
NOISE,-7.0925,-4.9922
NOISE,1.9104,0.927
NOISE,-7.1189,1.2416
NOISE,-1.6784,4.6882
NOISE,-0.3727,4.6104
NOISE,3.8874,0.6629
NOISE,-4.0605,3.1618
NOISE,5.4676,5.202
NOISE,-7.3031,4.5511
NOISE,-6.196,5.3415
NOISE,-6.1083,2.7747
NOISE,5.4111,-4.1854
NOISE,-6.0078,2.8343
NOISE,-6.6651,-0.1236
NOISE,-6.5573,-4.5066
NOISE,-2.5995,-5.0701
NOISE,4.1301,0.8168
NOISE,3.3345,-0.7493
NOISE,-6.6549,-4.3546
NOISE,-3.1821,1.4974
NOISE,1.8588,-0.9316
NOISE,-3.231,1.5196
NOISE,7.2108,0.677
NOISE,7.7072,-0.3447
NOISE,1.5479,3.7167
NOISE,4.3678,-5.5308
NOISE,1.0162,5.4554
NOISE,-1.2639,3.7402
NOISE,6.9664,3.61
NOISE,-1.8184,2.2679
NOISE,5.3347,-3.8853
NOISE,-1.9951,4.0074
NOISE,-4.6002,-5.2506
NOISE,-2.4218,-2.6551
NOISE,-4.0534,1.4448
NOISE,1.2631,0.615
NOISE,-7.3297,2.8494
NOISE,7.2432,3.3658
NOISE,-2.9505,4.7401
NOISE,0.8755,5.3227
NOISE,6.5978,-4.4618
NOISE,-6.3819,0.914
NOISE,6.9343,2.8999
NOISE,-2.4744,-5.068
NOISE,5.6284,2.2662
NOISE,7.921,3.9882
NOISE,-3.0357,-5.3736
NOISE,7.8872,2.7477
NOISE,-2.1281,-1.3855
NOISE,7.1892,0.4342
NOISE,-7.3548,4.0688
NOISE,0.6933,-4.7295
NOISE,-1.4,-2.2465
NOISE,-0.5252,-3.6754
NOISE,-0.4598,5.3107
NOISE,-6.1097,3.1836
NOISE,-7.9966,-4.8684
NOISE,3.1281,0.5508
NOISE,-2.2792,-4.7181
NOISE,-7.5041,-3.6507
NOISE,6.7493,2.5035
NOISE,-5.1883,3.3634
NOISE,5.8085,-3.262
NOISE,6.0569,1.1262
NOISE,6.7795,-5.864
NOISE,7.4267,-0.3043
NOISE,-7.2476,-5.2158
NOISE,-3.5344,4.5225
NOISE,4.1732,3.1121
NOISE,-2.1092,4.7817
NOISE,5.356,-4.6327
NOISE,-6.5467,0.0617
NOISE,7.7406,0.9983
NOISE,-6.0757,2.5019
NOISE,-0.8677,4.5909
NOISE,-2.8368,-2.7898
NOISE,-6.9487,-2.7832
NOISE,-6.5204,-0.398
NOISE,0.8316,0.2572
NOISE,1.1775,-5.4987
NOISE,-5.0922,-3.4229
NOISE,-1.3722,-3.857
NOISE,7.3319,-4.8284
NOISE,-2.3043,4.3472
NOISE,1.9834,0.9499
NOISE,-0.5187,3.6947
NOISE,3.9296,-0.078
NOISE,2.9861,-4.6464
NOISE,-0.6432,5.9743
NOISE,1.0156,-5.3223
NOISE,-7.7935,-1.226
NOISE,3.7246,4.028
NOISE,-5.161,4.8868
NOISE,-1.9579,3.2681
NOISE,3.3678,-5.3038
NOISE,1.8453,0.6648
NOISE,3.4246,-5.1758
NOISE,5.2472,4.3991
NOISE,4.0263,-0.3914
NOISE,-6.8166,-4.5295
NOISE,-4.4568,2.5288
NOISE,1.1846,2.4171
NOISE,-5.7694,-4.7148
NOISE,5.2465,-5.5885
NOISE,2.054,-0.6703
NOISE,0.7874,2.4441
NOISE,5.6587,3.3005
NOISE,1.2169,4.9475
NOISE,7.0009,-1.4173
NOISE,7.5027,-5.8407
NOISE,1.8741,-4.6174
NOISE,7.5435,1.813
NOISE,-3.3494,-1.8856
NOISE,7.1112,-0.4011
NOISE,4.6072,3.2659
NOISE,-1.7789,-4.6379
NOISE,0.5606,2.2621
NOISE,-4.481,5.0862
NOISE,1.6548,5.0291
NOISE,-2.1713,0.1866
NOISE,-1.063,1.5474
NOISE,5.8465,-5.16
NOISE,7.0524,-4.6235
NOISE,0.1115,3.3869
NOISE,6.0911,1.7496
NOISE,-3.21,4.9661
NOISE,3.3218,-5.3927
NOISE,7.9318,-0.1016
NOISE,5.6182,2.607
NOISE,-2.5748,-1.4338
NOISE,-4.8469,3.4214
NOISE,3.4051,-2.6548
NOISE,-6.9563,0.2632
NOISE,-2.1308,-0.338
NOISE,5.5655,5.8863
NOISE,6.9965,-2.6312
NOISE,-3.6298,5.6997
NOISE,1.5519,3.4418
NOISE,-1.6858,4.4065
NOISE,7.4099,-0.0932
NOISE,-7.7178,-3.6153
NOISE,6.6719,4.6931
NOISE,4.3981,2.9137
NOISE,-3.941,2.9451
NOISE,3.0842,-5.8779
NOISE,4.1485,2.7753
NOISE,7.1271,-2.712
NOISE,-3.7402,3.7561
NOISE,-1.3029,3.0153
NOISE,6.4913,-2.6469
NOISE,4.2941,-5.0559
NOISE,6.8924,3.9287
NOISE,3.8296,0.0836
NOISE,-2.8345,-3.6318
NOISE,6.5435,-5.6553
NOISE,-6.5154,-0.3448
NOISE,-0.9662,5.8763
NOISE,2.1584,3.1962
NOISE,-7.4111,-4.5232
NOISE,-1.4693,-3.2127
NOISE,-6.6828,0.682
NOISE,-7.7581,-2.9123
NOISE,-2.2986,4.4565
NOISE,-6.2892,5.6881
NOISE,7.7891,-0.1029
NOISE,-4.2724,-5.5465
NOISE,5.5329,5.4479
NOISE,1.3448,-5.3655
NOISE,1.421,5.0044
NOISE,0.8896,-4.2752
NOISE,-1.8963,3.1632
NOISE,-0.2094,5.4728
NOISE,3.2459,4.7882
NOISE,3.8556,4.0641
NOISE,6.0421,-0.7014
NOISE,-1.6506,-3.8283
NOISE,-7.8344,-3.372
NOISE,5.2555,-5.4603
NOISE,-3.2557,-2.3853
NOISE,-1.0325,2.7178
NOISE,-7.9491,2.7484
NOISE,2.6082,5.1033
NOISE,4.4849,2.2114
NOISE,7.4281,-1.1429
NOISE,-5.6213,-4.7047
NOISE,-7.6837,-1.8483
NOISE,-0.7028,-4.7559
NOISE,-3.0225,-5.2216
NOISE,1.5941,4.3768
NOISE,-2.3532,-5.1627
NOISE,-2.3562,-0.8538
NOISE,2.2704,-1.3567
NOISE,-2.712,-1.1225
NOISE,6.4364,-5.9073
NOISE,-1.4952,3.9435
NOISE,3.8576,4.3529
NOISE,-2.5228,0.0201
NOISE,-4.7516,-4.5335
NOISE,-3.1027,1.451
NOISE,2.954,-2.9629
NOISE,2.1702,4.183
NOISE,3.1167,-5.0938
NOISE,-5.5014,1.9098
NOISE,3.1821,-4.8691
NOISE,-0.8134,2.0908
NOISE,-1.8145,5.8303
NOISE,-1.6474,-0.4984
NOISE,-2.1976,1.5392
NOISE,5.7502,-4.4586
NOISE,6.0365,-5.7473
NOISE,-3.2026,0.128
NOISE,-5.93,-4.4146
NOISE,-5.8744,-5.5517
NOISE,-3.8023,-4.9287
NOISE,-1.9531,0.0415
NOISE,1.5266,-5.1377
NOISE,-4.1185,5.0516
NOISE,-1.7819,-1.3857
NOISE,-3.6113,1.6691
NOISE,-7.6993,0.3777
NOISE,-2.1482,-0.8487
NOISE,1.5494,-2.613
NOISE,-2.1079,-3.1308
NOISE,2.071,5.9634
NOISE,-6.5368,-1.8138
NOISE,-7.6354,-2.015
NOISE,7.112,3.9529
NOISE,2.8345,-5.1461
NOISE,7.1018,1.4719
NOISE,-3.8268,3.3784
NOISE,0.0097,5.412
NOISE,4.5401,5.3257
NOISE,-0.7272,-4.9175
NOISE,-2.6982,4.5896
NOISE,1.765,-5.9706
NOISE,-7.1743,5.9888
NOISE,-4.2215,0.22
NOISE,1.214,4.0672
NOISE,4.3769,3.0799
NOISE,-1.726,-2.5535
NOISE,4.2704,0.3331
NOISE,-4.0608,4.648
NOISE,-0.2794,-4.1449
NOISE,3.413,-0.5406
NOISE,0.9138,-5.1199
NOISE,-7.5718,-2.4973
NOISE,5.7342,-4.0591
NOISE,-1.2077,-2.2428
NOISE,7.915,3.2404
NOISE,3.753,2.2941
NOISE,-7.8679,5.2862
NOISE,3.3667,3.4384
NOISE,7.8357,-5.7671
NOISE,-2.5035,5.0322
NOISE,1.8407,-4.119
NOISE,1.1767,1.42
NOISE,-2.9955,5.1723
NOISE,0.9008,1.8613
NOISE,5.9824,3.0592
NOISE,7.5376,-3.3478
NOISE,3.3788,-5.083
NOISE,4.3119,3.7667
NOISE,-7.9204,0.0523
NOISE,-3.7794,2.3856
NOISE,2.4202,-3.1211
NOISE,-1.1551,4.3498
NOISE,-7.8826,1.5563
NOISE,-2.7429,2.3685
NOISE,2.5896,-5.6718
NOISE,7.7019,-1.4358
NOISE,2.0095,-1.5514
NOISE,6.3779,4.9646
NOISE,0.4184,-3.6847
NOISE,7.2472,2.0692
NOISE,-0.6527,5.588
NOISE,-6.6112,2.3751
NOISE,-6.2198,-3.2534
NOISE,-7.5687,-5.0206
NOISE,6.2653,-3.6257
NOISE,6.326,0.2536
NOISE,-4.4619,-3.2385
NOISE,-0.4053,-5.7197
NOISE,2.6075,-4.5713
NOISE,-0.8569,4.7228
NOISE,-6.9281,-2.2717
NOISE,7.0648,-5.7159
NOISE,0.4284,3.3021
NOISE,0.9124,-4.7751
NOISE,3.6301,-5.626
NOISE,-0.6667,2.7366
NOISE,-5.6154,2.6518
NOISE,6.6884,-3.5771
NOISE,2.5858,-1.0289
NOISE,2.7646,-2.261
NOISE,1.8429,4.1996
NOISE,1.7556,-2.2855
NOISE,-3.8401,2.8025
NOISE,7.1887,4.3933
NOISE,-0.1421,4.136
NOISE,-6.6863,1.8271
NOISE,3.6349,5.0943
NOISE,-0.7211,1.8839
NOISE,7.7565,0.4351
NOISE,-4.2735,-0.446
NOISE,5.9213,4.5441
NOISE,6.0712,-4.1954
NOISE,6.1572,3.2764
NOISE,7.9582,-3.4487
NOISE,1.8903,3.8874
NOISE,2.2779,4.4421
NOISE,7.0085,-2.9352
NOISE,7.1283,4.0474
NOISE,-6.5188,-4.2768
NOISE,-3.585,4.1112
NOISE,4.8845,3.6447
NOISE,-5.2703,4.1807
NOISE,0.4174,-4.5564
NOISE,-2.4266,-3.9834
NOISE,-6.3291,-3.6329
NOISE,-6.7178,0.1548
NOISE,2.7873,-0.6188
NOISE,-2.2255,2.7715
NOISE,-7.103,3.8804
NOISE,2.9314,5.738
NOISE,-7.566,3.5116
NOISE,7.8467,-5.5434
NOISE,-4.1399,-4.2844
NOISE,-1.5286,-5.9756
NOISE,-2.8919,-4.0849
NOISE,1.3566,1.2486
NOISE,-3.1279,-4.9999
NOISE,4.9877,-3.5571
NOISE,7.2736,0.7979
NOISE,-3.79,-1.2684
NOISE,7.7708,-2.8538
NOISE,2.3566,5.7051
NOISE,-1.3793,0.6994
NOISE,5.716,-3.9297
NOISE,5.4761,-3.8768
NOISE,-6.6138,-5.6186
NOISE,-5.7223,-4.2157
NOISE,7.6402,2.3158
NOISE,5.119,-5.8919
NOISE,2.5105,-5.8368
NOISE,0.2615,-5.2107
NOISE,7.0408,-0.5839
NOISE,-2.626,1.5641
NOISE,-5.7772,-0.1514
NOISE,-5.1732,-3.2329
NOISE,-4.0219,4.7565
NOISE,-7.8128,4.9306
NOISE,4.3248,-3.3923
NOISE,-0.8041,-0.3477
NOISE,-2.713,2.01
NOISE,-3.6829,3.7401
NOISE,-6.9673,0.7795
NOISE,-7.4836,3.9774
NOISE,3.1292,5.7314
NOISE,3.697,-0.4662
NOISE,-7.3857,-2.0264
NOISE,-6.611,-3.0002
NOISE,-1.2027,-3.2808
NOISE,7.0775,4.2063
NOISE,-2.5106,-5.5452
NOISE,-6.1531,2.9284
NOISE,-6.6732,-0.8737
NOISE,1.8588,-2.1124
NOISE,1.2925,-0.0295
NOISE,1.4581,3.9364
NOISE,-6.513,-3.55
NOISE,6.469,1.657
NOISE,-1.0848,5.9067
NOISE,-5.2199,-4.2498
NOISE,-7.248,0.583
NOISE,7.5498,1.8172
NOISE,3.3548,-2.3771
NOISE,-7.953,4.524
NOISE,-7.3081,5.488
NOISE,-2.626,5.9932
NOISE,-2.9354,-4.1656
NOISE,0.6815,2.3149
NOISE,-7.3425,4.5376
NOISE,-6.9968,2.2601
NOISE,-6.1994,-0.4419
NOISE,7.5293,1.0832
NOISE,2.7266,-0.7908
NOISE,1.2154,-1.1983
NOISE,-1.5152,-0.2335
NOISE,2.2477,4.6083
NOISE,4.0319,4.6835
NOISE,-6.3349,4.953
NOISE,-5.4996,-4.7504
NOISE,-3.4636,-2.0788
NOISE,7.6974,1.3309
NOISE,5.4493,-5.394
NOISE,-3.5787,5.9525
NOISE,2.9616,-0.1172
NOISE,6.0575,-5.9829
NOISE,6.4579,5.1549
NOISE,2.6205,-3.8634
NOISE,5.3506,5.2174
NOISE,4.1739,5.37
NOISE,2.8193,3.9702
NOISE,7.7416,-3.3205
NOISE,5.0785,5.7007
NOISE,3.4913,-1.2514
NOISE,-6.039,-5.922
NOISE,-3.8526,2.8082
NOISE,-4.2938,-5.0996
NOISE,7.4301,4.9153
NOISE,-2.8853,2.8708
NOISE,6.149,0.63
NOISE,4.0862,2.5542
NOISE,6.8893,-3.6698
NOISE,-2.2576,-5.5259
NOISE,-3.1051,-5.0808
NOISE,-0.8079,0.853
NOISE,-4.1438,4.391
NOISE,-3.3398,0.0369
NOISE,1.9253,3.8797
NOISE,-6.4612,-0.8822
NOISE,-6.1926,-5.7257
NOISE,-6.0532,1.1432
NOISE,-3.1702,0.2354
NOISE,1.0076,1.3981
NOISE,4.7949,3.2973
NOISE,7.4075,-2.3309
NOISE,-6.4179,3.0427
NOISE,7.2212,5.4095
NOISE,-6.297,-3.5083
NOISE,-3.0348,0.8338
NOISE,4.1898,5.9875
NOISE,-0.9876,0.188
NOISE,4.2041,-3.2507
NOISE,7.8982,2.4677
NOISE,-2.4146,-5.3183
NOISE,-1.1258,0.7503
NOISE,-3.6401,2.2509
NOISE,-1.4699,4.7119
NOISE,6.8704,-1.1933
NOISE,1.9763,-3.7967
NOISE,2.4047,3.4772
NOISE,-6.2164,-4.4624
NOISE,2.9693,-0.21
NOISE,-7.2781,-4.0144
NOISE,6.8179,0.6051
NOISE,3.2792,-4.0732
NOISE,-2.3711,1.3797
NOISE,-2.1135,-3.1044
NOISE,3.1255,4.0624
NOISE,1.6543,3.5851
NOISE,-3.6675,3.1299
NOISE,-7.2992,-1.868
NOISE,-2.6468,5.5164
NOISE,-4.0089,2.4796
NOISE,-5.0528,-3.9737
NOISE,7.9306,3.6545
NOISE,-5.6777,3.7441
NOISE,3.4167,1.0628
NOISE,3.4436,-2.7882
NOISE,3.5985,-1.562
NOISE,-3.8679,5.6248
NOISE,-7.6188,-5.1013
NOISE,4.0271,5.2491
NOISE,-0.556,4.673
NOISE,1.6809,-5.3291
NOISE,3.0328,-5.3609
NOISE,-1.5831,-5.8662
NOISE,0.636,3.531
NOISE,-6.5581,5.6137
NOISE,5.6104,4.6911
NOISE,6.7938,4.3056
NOISE,-3.5499,-3.3772
NOISE,-1.6866,3.0276
NOISE,2.2806,0.9689
NOISE,3.4316,-4.9394
NOISE,4.8327,-4.9595
NOISE,-4.2373,-0.5862
NOISE,-2.8732,5.994
NOISE,-5.6888,3.3243
NOISE,-3.6334,-1.16
NOISE,-7.5609,5.6911
NOISE,-5.9057,-0.5897
NOISE,-7.698,-2.4344
NOISE,1.1285,1.692
NOISE,-7.3823,1.1678
NOISE,2.1661,-5.5915
NOISE,5.0832,5.1524
NOISE,3.5539,-4.501
NOISE,-2.0238,-4.0238
NOISE,1.8505,0.3599
NOISE,-1.9439,-4.6816
NOISE,-4.8825,-5.5355
NOISE,5.7468,-4.0618
NOISE,-4.1782,3.289
NOISE,-3.5309,1.7423
NOISE,-1.7151,3.7726
NOISE,5.8767,-3.4076
NOISE,0.7847,-4.9761
NOISE,-6.4719,1.5876
NOISE,-2.5901,-4.2023
NOISE,3.6576,-5.308
NOISE,-5.5276,-3.509
NOISE,6.197,0.4636
NOISE,-2.642,1.9351
NOISE,7.786,-1.9197
NOISE,2.2224,-2.9022
NOISE,-4.3364,-4.8819
NOISE,-6.843,-0.8184
NOISE,7.099,-5.2225
NOISE,7.7137,4.736
NOISE,-0.2262,5.0393
NOISE,7.6398,-1.4043
NOISE,-7.3072,-1.9495
NOISE,-1.689,2.2722
NOISE,-5.2066,-3.5131
NOISE,1.3329,4.696
NOISE,-5.0081,-3.5114
NOISE,-7.1769,4.4974
NOISE,4.5295,-3.5709
NOISE,0.9658,-0.7853
NOISE,1.2193,3.1376
NOISE,6.6446,-0.9189
NOISE,-0.9275,-4.324
NOISE,2.4725,5.519
NOISE,3.6578,5.0262
NOISE,-0.2933,4.7876
NOISE,-0.9528,-4.4554
NOISE,-4.097,3.805
NOISE,6.4606,2.0048
NOISE,-7.0297,-3.6135
NOISE,-7.4341,-1.8156
NOISE,4.2912,3.4302
NOISE,2.311,-2.1601
NOISE,-7.2405,-3.01
NOISE,7.5894,-2.6727
NOISE,-0.5636,1.3677
NOISE,7.9001,4.417
NOISE,2.6014,-4.5389
NOISE,-7.2561,-4.9162
NOISE,3.2242,-2.7207
NOISE,-5.1972,-5.1133
NOISE,-6.7291,-1.8783
NOISE,-2.6528,5.1054
NOISE,0.6433,2.4962
NOISE,-5.3954,-5.6054
NOISE,-3.5698,0.9787
NOISE,-1.8084,2.8418
NOISE,0.3264,-5.3111
NOISE,-0.4454,3.3315
NOISE,-2.5476,5.6277
NOISE,-7.5667,-2.6154
NOISE,1.5825,1.2544
NOISE,5.8548,0.5704
NOISE,-3.0896,3.7081
NOISE,3.4202,1.5973
NOISE,6.6994,-1.6412
NOISE,-2.7131,-3.1749
NOISE,-2.0105,5.0956
NOISE,7.1785,1.1558
NOISE,1.4849,3.2957
NOISE,-5.738,4.7737
NOISE,1.6313,2.2787
NOISE,7.5465,-2.8718
NOISE,-4.8467,4.1407
NOISE,6.5065,3.721
NOISE,-5.3649,-4.0503
NOISE,1.6669,0.2829
NOISE,-3.5975,0.6563
NOISE,-1.8552,5.7276
NOISE,-4.024,2.2962
NOISE,-0.815,0.7076
NOISE,3.1396,-4.3826
NOISE,4.4951,3.8215
NOISE,3.702,0.9423
NOISE,0.6167,5.5433
NOISE,6.1119,1.5329
NOISE,4.4194,3.8907
NOISE,6.1768,0.7987
NOISE,4.9552,-4.2899
NOISE,-3.3529,4.6105
NOISE,4.1499,1.9178
NOISE,-1.0355,5.1028
NOISE,-2.4291,-5.8732
NOISE,4.9267,5.0474
NOISE,5.6906,-5.2697
NOISE,-2.5102,4.0439
NOISE,7.9574,-2.9857
NOISE,3.4932,-3.7553
NOISE,5.2399,-4.0696
NOISE,-5.321,4.1741
NOISE,1.2864,4.7716
NOISE,-1.6701,2.2578
NOISE,-3.8965,-0.753
NOISE,-6.2887,-1.9113
NOISE,-3.656,-4.1994
NOISE,-2.7987,0.0422
NOISE,-7.841,3.3167
NOISE,-2.202,-1.2796
NOISE,-5.636,3.7249
NOISE,3.199,-1.0154
NOISE,0.4497,-5.786
NOISE,0.5079,-5.4917
NOISE,6.7358,-2.3071
NOISE,0.9937,-5.6729
NOISE,7.8695,3.386
NOISE,-2.9161,-2.5593
NOISE,5.0281,-4.797
NOISE,4.0627,0.4773
NOISE,0.4091,3.2811
NOISE,-2.1358,4.8874
NOISE,-4.0689,-0.454
NOISE,4.3749,-4.6909
